Linka;Smer;Dátum;Deň v týždni;Čas začiatku linky;Označenie linky;Vozidlo;Vodič;Poradie zastávky;Názov zastávky;Plánovaný príchod na zastávku;Skutočný príchod na zastávku;Status;Plánovaný odchod zo zastávky;Skutočný odchod zo zastávky;Počet nastupujúcich ľudí;Počet vystupujúcich ľudí;Obsadenosť po odchode zo zastávky
2;Senica, Žel. stanica/1;2025-01-01;streda;07:00;2/5;TT088JH;699f8c813ab8547b604fc1d38f7ce16f;1;Senica, Sotina, Zimný štadión/1;07:00;06:57:03;10;07:00;07:01:53;0;0;0
2;Senica, Žel. stanica/1;2025-01-01;streda;07:00;2/5;TT088JH;699f8c813ab8547b604fc1d38f7ce16f;2;Senica, Sotina, Amfiteáter/1;07:01;07:02:20;10;07:01;07:03:10;0;0;0
2;Senica, Žel. stanica/1;2025-01-01;streda;07:00;2/5;TT088JH;699f8c813ab8547b604fc1d38f7ce16f;4;Senica, Poliklinika/1;07:02;07:03:16;10;07:02;07:04:33;1;0;1
2;Senica, Žel. stanica/1;2025-01-01;streda;07:00;2/5;TT088JH;699f8c813ab8547b604fc1d38f7ce16f;5;Senica, TESCO/1;07:03;07:04:45;10;07:03;07:05:15;0;0;1
2;Senica, Žel. stanica/1;2025-01-01;streda;07:00;2/5;TT088JH;699f8c813ab8547b604fc1d38f7ce16f;6;Senica, Autobusová stanica/1;07:08;07:05:58;5;07:08;07:06:36;1;0;2
2;Senica, Žel. stanica/1;2025-01-01;streda;07:00;2/5;TT088JH;699f8c813ab8547b604fc1d38f7ce16f;7;Senica, Pošta/2;07:10;07:10:33;10;07:10;07:10:54;0;0;2
2;Senica, Žel. stanica/1;2025-01-01;streda;07:00;2/5;TT088JH;699f8c813ab8547b604fc1d38f7ce16f;9;Senica, Dlhá, č. 260/1;07:11;07:10:58;10;07:11;07:11:34;0;0;2
2;Senica, Žel. stanica/1;2025-01-01;streda;07:00;2/5;TT088JH;699f8c813ab8547b604fc1d38f7ce16f;10;Senica, Gymnázium/1;07:12;07:11:53;10;07:12;07:12:18;0;0;2
2;Senica, Žel. stanica/1;2025-01-01;streda;07:00;2/5;TT088JH;699f8c813ab8547b604fc1d38f7ce16f;11;Senica, DEMA/2;07:13;07:12:44;10;07:13;07:13:15;0;0;2
2;Senica, Žel. stanica/1;2025-01-01;streda;07:00;2/5;TT088JH;699f8c813ab8547b604fc1d38f7ce16f;12;Senica, SPP/1;07:14;07:13:19;10;07:14;07:14:28;0;0;2
2;Senica, Žel. stanica/1;2025-01-01;streda;07:00;2/5;TT088JH;699f8c813ab8547b604fc1d38f7ce16f;13;Senica, Technické služby/1 ;07:15;07:15:19;10;07:15;07:15:37;0;0;2
2;Senica, Žel. stanica/1;2025-01-01;streda;07:00;2/5;TT088JH;699f8c813ab8547b604fc1d38f7ce16f;14;Senica, Železničná, ARRIVA/1;07:16;07:15:56;10;07:16;07:16:12;0;0;2
2;Senica, Žel. stanica/1;2025-01-01;streda;07:00;2/5;TT088JH;699f8c813ab8547b604fc1d38f7ce16f;15;Senica, Žel. stanica/1;07:18;07:16:46;10;07:18;07:16:46;0;0;0
2;Senica, Sotina, Zimný štadión/1;2025-01-01;streda;07:34;2/6;TT088JH;699f8c813ab8547b604fc1d38f7ce16f;2;Senica, Žel. stanica/1;07:34;07:31:21;10;07:34;07:35:05;2;0;2
2;Senica, Sotina, Zimný štadión/1;2025-01-01;streda;07:34;2/6;TT088JH;699f8c813ab8547b604fc1d38f7ce16f;3;Senica, Železničná, ARRIVA/2;07:35;07:35:54;10;07:35;07:36:15;0;0;2
2;Senica, Sotina, Zimný štadión/1;2025-01-01;streda;07:34;2/6;TT088JH;699f8c813ab8547b604fc1d38f7ce16f;4;Senica, Technické služby/2 ;07:36;07:36:37;10;07:36;07:36:56;0;0;2
2;Senica, Sotina, Zimný štadión/1;2025-01-01;streda;07:34;2/6;TT088JH;699f8c813ab8547b604fc1d38f7ce16f;6;Senica, DEMA/1;07:38;07:38:09;10;07:38;07:38:31;0;0;2
2;Senica, Sotina, Zimný štadión/1;2025-01-01;streda;07:34;2/6;TT088JH;699f8c813ab8547b604fc1d38f7ce16f;7;Senica, Gymnázium/2;07:39;07:38:59;10;07:39;07:39:19;0;0;2
2;Senica, Sotina, Zimný štadión/1;2025-01-01;streda;07:34;2/6;TT088JH;699f8c813ab8547b604fc1d38f7ce16f;9;Senica, Vajanského, cintorín/1;07:40;07:39:43;10;07:40;07:40:27;0;0;2
2;Senica, Sotina, Zimný štadión/1;2025-01-01;streda;07:34;2/6;TT088JH;699f8c813ab8547b604fc1d38f7ce16f;10;Senica, Autobusová stanica/1;07:47;07:41:33;5;07:47;07:42:06;0;2;0
2;Senica, Sotina, Zimný štadión/1;2025-01-01;streda;07:34;2/6;TT088JH;699f8c813ab8547b604fc1d38f7ce16f;11;Senica, TESCO/2;07:50;07:51:19;10;07:50;07:51:58;0;0;0
2;Senica, Sotina, Zimný štadión/1;2025-01-01;streda;07:34;2/6;TT088JH;699f8c813ab8547b604fc1d38f7ce16f;12;Senica, Poliklinika/2;07:51;07:52:12;10;07:51;07:52:35;0;0;0
2;Senica, Sotina, Zimný štadión/1;2025-01-01;streda;07:34;2/6;TT088JH;699f8c813ab8547b604fc1d38f7ce16f;13;Senica, Sotinská/1;07:52;07:52:54;10;07:52;07:53:18;0;0;0
2;Senica, Sotina, Zimný štadión/1;2025-01-01;streda;07:34;2/6;TT088JH;699f8c813ab8547b604fc1d38f7ce16f;15;Senica, Sotina, Zimný štadión/1;07:53;07:54:19;10;07:53;07:54:19;0;0;0
2;Senica, Žel. stanica/1;2025-01-01;streda;10:00;2/7;TT088JH;699f8c813ab8547b604fc1d38f7ce16f;1;Senica, Sotina, Zimný štadión/1;10:00;09:59:49;10;10:00;10:01:29;0;0;0
2;Senica, Žel. stanica/1;2025-01-01;streda;10:00;2/7;TT088JH;699f8c813ab8547b604fc1d38f7ce16f;2;Senica, Sotina, Amfiteáter/1;10:01;10:01:58;10;10:01;10:03:19;1;0;1
2;Senica, Žel. stanica/1;2025-01-01;streda;10:00;2/7;TT088JH;699f8c813ab8547b604fc1d38f7ce16f;4;Senica, Poliklinika/1;10:02;10:03:23;10;10:02;10:04:44;1;0;2
2;Senica, Žel. stanica/1;2025-01-01;streda;10:00;2/7;TT088JH;699f8c813ab8547b604fc1d38f7ce16f;5;Senica, TESCO/1;10:03;10:04:55;10;10:03;10:05:25;0;0;2
2;Senica, Žel. stanica/1;2025-01-01;streda;10:00;2/7;TT088JH;699f8c813ab8547b604fc1d38f7ce16f;6;Senica, Autobusová stanica/1;10:08;10:06:07;5;10:08;10:06:41;3;0;5
2;Senica, Žel. stanica/1;2025-01-01;streda;10:00;2/7;TT088JH;699f8c813ab8547b604fc1d38f7ce16f;7;Senica, Pošta/2;10:10;10:09:40;10;10:10;10:10:28;0;0;5
2;Senica, Žel. stanica/1;2025-01-01;streda;10:00;2/7;TT088JH;699f8c813ab8547b604fc1d38f7ce16f;9;Senica, Dlhá, č. 260/1;10:11;10:10:34;10;10:11;10:11:41;1;0;6
2;Senica, Žel. stanica/1;2025-01-01;streda;10:00;2/7;TT088JH;699f8c813ab8547b604fc1d38f7ce16f;10;Senica, Gymnázium/1;10:12;10:11:57;10;10:12;10:12:18;0;0;6
2;Senica, Žel. stanica/1;2025-01-01;streda;10:00;2/7;TT088JH;699f8c813ab8547b604fc1d38f7ce16f;11;Senica, DEMA/2;10:13;10:12:42;10;10:13;10:13:38;1;0;7
2;Senica, Žel. stanica/1;2025-01-01;streda;10:00;2/7;TT088JH;699f8c813ab8547b604fc1d38f7ce16f;12;Senica, SPP/1;10:14;10:13:42;10;10:14;10:14:19;0;0;7
2;Senica, Žel. stanica/1;2025-01-01;streda;10:00;2/7;TT088JH;699f8c813ab8547b604fc1d38f7ce16f;13;Senica, Technické služby/1 ;10:15;10:15:04;10;10:15;10:15:21;0;0;7
2;Senica, Žel. stanica/1;2025-01-01;streda;10:00;2/7;TT088JH;699f8c813ab8547b604fc1d38f7ce16f;14;Senica, Železničná, ARRIVA/1;10:16;10:15:38;10;10:16;10:16:26;0;2;5
2;Senica, Žel. stanica/1;2025-01-01;streda;10:00;2/7;TT088JH;699f8c813ab8547b604fc1d38f7ce16f;15;Senica, Žel. stanica/1;10:18;10:17:02;10;10:18;10:17:02;0;0;0
2;Senica, Žel. stanica/1;2025-01-01;streda;12:00;2/9;TT088JH;699f8c813ab8547b604fc1d38f7ce16f;1;Senica, Sotina, Zimný štadión/1;12:00;11:58:21;10;12:00;12:00:49;2;0;2
2;Senica, Žel. stanica/1;2025-01-01;streda;12:00;2/9;TT088JH;699f8c813ab8547b604fc1d38f7ce16f;2;Senica, Sotina, Amfiteáter/1;12:01;12:01:15;10;12:01;12:02:43;4;0;6
2;Senica, Žel. stanica/1;2025-01-01;streda;12:00;2/9;TT088JH;699f8c813ab8547b604fc1d38f7ce16f;4;Senica, Poliklinika/1;12:02;12:02:47;10;12:02;12:03:44;0;0;6
2;Senica, Žel. stanica/1;2025-01-01;streda;12:00;2/9;TT088JH;699f8c813ab8547b604fc1d38f7ce16f;5;Senica, TESCO/1;12:03;12:03:55;10;12:03;12:05:05;2;0;8
2;Senica, Žel. stanica/1;2025-01-01;streda;12:00;2/9;TT088JH;699f8c813ab8547b604fc1d38f7ce16f;6;Senica, Autobusová stanica/1;12:08;12:05:44;5;12:08;12:06:23;2;0;10
2;Senica, Žel. stanica/1;2025-01-01;streda;12:00;2/9;TT088JH;699f8c813ab8547b604fc1d38f7ce16f;7;Senica, Pošta/2;12:10;12:09:34;10;12:10;12:10:33;0;3;7
2;Senica, Žel. stanica/1;2025-01-01;streda;12:00;2/9;TT088JH;699f8c813ab8547b604fc1d38f7ce16f;9;Senica, Dlhá, č. 260/1;12:11;12:10:39;10;12:11;12:12:13;3;0;10
2;Senica, Žel. stanica/1;2025-01-01;streda;12:00;2/9;TT088JH;699f8c813ab8547b604fc1d38f7ce16f;10;Senica, Gymnázium/1;12:12;12:12:29;10;12:12;12:12:50;0;0;10
2;Senica, Žel. stanica/1;2025-01-01;streda;12:00;2/9;TT088JH;699f8c813ab8547b604fc1d38f7ce16f;11;Senica, DEMA/2;12:13;12:13:13;10;12:13;12:13:39;0;0;10
2;Senica, Žel. stanica/1;2025-01-01;streda;12:00;2/9;TT088JH;699f8c813ab8547b604fc1d38f7ce16f;12;Senica, SPP/1;12:14;12:13:42;10;12:14;12:14:42;0;1;9
2;Senica, Žel. stanica/1;2025-01-01;streda;12:00;2/9;TT088JH;699f8c813ab8547b604fc1d38f7ce16f;13;Senica, Technické služby/1 ;12:15;12:15:27;10;12:15;12:15:43;0;0;9
2;Senica, Žel. stanica/1;2025-01-01;streda;12:00;2/9;TT088JH;699f8c813ab8547b604fc1d38f7ce16f;14;Senica, Železničná, ARRIVA/1;12:16;12:16;10;12:16;12:16:15;0;0;9
2;Senica, Žel. stanica/1;2025-01-01;streda;12:00;2/9;TT088JH;699f8c813ab8547b604fc1d38f7ce16f;15;Senica, Žel. stanica/1;12:18;12:16:47;10;12:18;12:16:47;0;0;0
2;Senica, Sotina, Zimný štadión/1;2025-01-01;streda;12:34;2/10;TT088JH;699f8c813ab8547b604fc1d38f7ce16f;2;Senica, Žel. stanica/1;12:34;12:27:23;10;12:34;12:35:20;4;0;4
2;Senica, Sotina, Zimný štadión/1;2025-01-01;streda;12:34;2/10;TT088JH;699f8c813ab8547b604fc1d38f7ce16f;3;Senica, Železničná, ARRIVA/2;12:35;12:36:04;10;12:35;12:36:21;0;0;4
2;Senica, Sotina, Zimný štadión/1;2025-01-01;streda;12:34;2/10;TT088JH;699f8c813ab8547b604fc1d38f7ce16f;4;Senica, Technické služby/2 ;12:36;12:36:39;10;12:36;12:36:56;0;0;4
2;Senica, Sotina, Zimný štadión/1;2025-01-01;streda;12:34;2/10;TT088JH;699f8c813ab8547b604fc1d38f7ce16f;6;Senica, DEMA/1;12:38;12:38:04;10;12:38;12:39:36;3;2;5
2;Senica, Sotina, Zimný štadión/1;2025-01-01;streda;12:34;2/10;TT088JH;699f8c813ab8547b604fc1d38f7ce16f;7;Senica, Gymnázium/2;12:39;12:40:07;10;12:39;12:40:26;0;0;5
2;Senica, Sotina, Zimný štadión/1;2025-01-01;streda;12:34;2/10;TT088JH;699f8c813ab8547b604fc1d38f7ce16f;9;Senica, Vajanského, cintorín/1;12:40;12:40:48;10;12:40;12:41:59;0;1;4
2;Senica, Sotina, Zimný štadión/1;2025-01-01;streda;12:34;2/10;TT088JH;699f8c813ab8547b604fc1d38f7ce16f;10;Senica, Autobusová stanica/1;12:44;12:42:41;5;12:44;12:43:13;0;1;3
2;Senica, Sotina, Zimný štadión/1;2025-01-01;streda;12:34;2/10;TT088JH;699f8c813ab8547b604fc1d38f7ce16f;11;Senica, TESCO/2;12:47;12:46:18;10;12:47;12:47:28;0;0;3
2;Senica, Sotina, Zimný štadión/1;2025-01-01;streda;12:34;2/10;TT088JH;699f8c813ab8547b604fc1d38f7ce16f;12;Senica, Poliklinika/2;12:48;12:47:42;10;12:48;12:48:40;0;3;0
2;Senica, Sotina, Zimný štadión/1;2025-01-01;streda;12:34;2/10;TT088JH;699f8c813ab8547b604fc1d38f7ce16f;13;Senica, Sotinská/1;12:49;12:49;10;12:49;12:49:20;0;0;0
2;Senica, Sotina, Zimný štadión/1;2025-01-01;streda;12:34;2/10;TT088JH;699f8c813ab8547b604fc1d38f7ce16f;15;Senica, Sotina, Zimný štadión/1;12:50;12:50:14;10;12:50;12:50:14;0;0;0
2;Senica, Žel. stanica/1;2025-01-01;streda;14:00;2/11;TT088JH;699f8c813ab8547b604fc1d38f7ce16f;1;Senica, Sotina, Zimný štadión/1;14:00;13:59:41;10;14:00;14:01:11;0;0;0
2;Senica, Žel. stanica/1;2025-01-01;streda;14:00;2/11;TT088JH;699f8c813ab8547b604fc1d38f7ce16f;2;Senica, Sotina, Amfiteáter/1;14:01;14:01:38;10;14:01;14:02:30;0;0;0
2;Senica, Žel. stanica/1;2025-01-01;streda;14:00;2/11;TT088JH;699f8c813ab8547b604fc1d38f7ce16f;4;Senica, Poliklinika/1;14:02;14:02:37;10;14:02;14:03:59;2;0;2
2;Senica, Žel. stanica/1;2025-01-01;streda;14:00;2/11;TT088JH;699f8c813ab8547b604fc1d38f7ce16f;5;Senica, TESCO/1;14:03;14:04:11;10;14:03;14:04:43;0;0;2
2;Senica, Žel. stanica/1;2025-01-01;streda;14:00;2/11;TT088JH;699f8c813ab8547b604fc1d38f7ce16f;6;Senica, Autobusová stanica/1;14:08;14:05:21;5;14:08;14:05:58;7;0;9
2;Senica, Žel. stanica/1;2025-01-01;streda;14:00;2/11;TT088JH;699f8c813ab8547b604fc1d38f7ce16f;7;Senica, Pošta/2;14:10;14:09:48;10;14:10;14:10:12;0;0;9
2;Senica, Žel. stanica/1;2025-01-01;streda;14:00;2/11;TT088JH;699f8c813ab8547b604fc1d38f7ce16f;9;Senica, Dlhá, č. 260/1;14:11;14:10:18;10;14:11;14:11:35;0;0;9
2;Senica, Žel. stanica/1;2025-01-01;streda;14:00;2/11;TT088JH;699f8c813ab8547b604fc1d38f7ce16f;10;Senica, Gymnázium/1;14:12;14:11:52;10;14:12;14:12:14;0;0;9
2;Senica, Žel. stanica/1;2025-01-01;streda;14:00;2/11;TT088JH;699f8c813ab8547b604fc1d38f7ce16f;11;Senica, DEMA/2;14:13;14:12:37;10;14:13;14:13:42;0;0;9
2;Senica, Žel. stanica/1;2025-01-01;streda;14:00;2/11;TT088JH;699f8c813ab8547b604fc1d38f7ce16f;12;Senica, SPP/1;14:14;14:13:46;10;14:14;14:14:12;0;0;9
2;Senica, Žel. stanica/1;2025-01-01;streda;14:00;2/11;TT088JH;699f8c813ab8547b604fc1d38f7ce16f;13;Senica, Technické služby/1 ;14:15;14:15:06;10;14:15;14:15:25;0;0;9
2;Senica, Žel. stanica/1;2025-01-01;streda;14:00;2/11;TT088JH;699f8c813ab8547b604fc1d38f7ce16f;14;Senica, Železničná, ARRIVA/1;14:16;14:15:45;10;14:16;14:16:01;0;0;9
2;Senica, Žel. stanica/1;2025-01-01;streda;14:00;2/11;TT088JH;699f8c813ab8547b604fc1d38f7ce16f;15;Senica, Žel. stanica/1;14:18;14:16:36;10;14:18;14:16:36;0;0;0
2;Senica, Žel. stanica/1;2025-01-01;streda;16:00;2/15;TT482JH;0d67775721cddd8539eee720faca1607;1;Senica, Sotina, Zimný štadión/1;16:00;15:59:48;10;16:00;16:00:07;2;0;2
2;Senica, Žel. stanica/1;2025-01-01;streda;16:00;2/15;TT482JH;0d67775721cddd8539eee720faca1607;2;Senica, Sotina, Amfiteáter/1;16:01;16:02:37;10;16:01;16:04:17;2;0;4
2;Senica, Žel. stanica/1;2025-01-01;streda;16:00;2/15;TT482JH;0d67775721cddd8539eee720faca1607;4;Senica, Poliklinika/1;16:02;16:04:19;10;16:02;16:05:42;4;0;8
2;Senica, Žel. stanica/1;2025-01-01;streda;16:00;2/15;TT482JH;0d67775721cddd8539eee720faca1607;5;Senica, TESCO/1;16:03;16:05:50;10;16:03;16:06:16;0;0;8
2;Senica, Žel. stanica/1;2025-01-01;streda;16:00;2/15;TT482JH;0d67775721cddd8539eee720faca1607;6;Senica, Autobusová stanica/1;16:08;16:06:54;5;16:08;16:07:30;11;1;18
2;Senica, Žel. stanica/1;2025-01-01;streda;16:00;2/15;TT482JH;0d67775721cddd8539eee720faca1607;7;Senica, Pošta/2;16:10;16:09:55;10;16:10;16:10:12;0;0;18
2;Senica, Žel. stanica/1;2025-01-01;streda;16:00;2/15;TT482JH;0d67775721cddd8539eee720faca1607;9;Senica, Dlhá, č. 260/1;16:11;16:10:16;10;16:11;16:11:15;0;6;12
2;Senica, Žel. stanica/1;2025-01-01;streda;16:00;2/15;TT482JH;0d67775721cddd8539eee720faca1607;10;Senica, Gymnázium/1;16:12;16:11:28;5;16:12;16:11:50;0;0;12
2;Senica, Žel. stanica/1;2025-01-01;streda;16:00;2/15;TT482JH;0d67775721cddd8539eee720faca1607;11;Senica, DEMA/2;16:13;16:12:12;10;16:13;16:13:09;1;0;13
2;Senica, Žel. stanica/1;2025-01-01;streda;16:00;2/15;TT482JH;0d67775721cddd8539eee720faca1607;12;Senica, SPP/1;16:14;16:13:11;5;16:14;16:13:34;0;0;13
2;Senica, Žel. stanica/1;2025-01-01;streda;16:00;2/15;TT482JH;0d67775721cddd8539eee720faca1607;13;Senica, Technické služby/1 ;16:15;16:14:34;;16:15;16:14:34;0;0;13
2;Senica, Žel. stanica/1;2025-01-01;streda;16:00;2/15;TT482JH;0d67775721cddd8539eee720faca1607;14;Senica, Železničná, ARRIVA/1;16:16;16:15:34;;16:16;16:15:34;0;0;13
2;Senica, Žel. stanica/1;2025-01-01;streda;16:00;2/15;TT482JH;0d67775721cddd8539eee720faca1607;15;Senica, Žel. stanica/1;16:18;16:17:34;;16:18;16:17:34;0;0;13
2;Senica, Sotina, Zimný štadión/1;2025-01-01;streda;16:34;2/16;TT482JH;0d67775721cddd8539eee720faca1607;2;Senica, Žel. stanica/1;16:34;16:31:55;10;16:34;16:34:26;12;0;12
2;Senica, Sotina, Zimný štadión/1;2025-01-01;streda;16:34;2/16;TT482JH;0d67775721cddd8539eee720faca1607;3;Senica, Železničná, ARRIVA/2;16:35;16:35:09;10;16:35;16:35:27;0;0;12
2;Senica, Sotina, Zimný štadión/1;2025-01-01;streda;16:34;2/16;TT482JH;0d67775721cddd8539eee720faca1607;4;Senica, Technické služby/2 ;16:36;16:35:46;10;16:36;16:36:04;0;0;12
2;Senica, Sotina, Zimný štadión/1;2025-01-01;streda;16:34;2/16;TT482JH;0d67775721cddd8539eee720faca1607;6;Senica, DEMA/1;16:38;16:37:11;10;16:38;16:38:03;0;3;9
2;Senica, Sotina, Zimný štadión/1;2025-01-01;streda;16:34;2/16;TT482JH;0d67775721cddd8539eee720faca1607;7;Senica, Gymnázium/2;16:39;16:38:33;5;16:39;16:38:55;0;0;9
2;Senica, Sotina, Zimný štadión/1;2025-01-01;streda;16:34;2/16;TT482JH;0d67775721cddd8539eee720faca1607;9;Senica, Vajanského, cintorín/1;16:40;16:39:24;10;16:40;16:40:52;2;5;6
2;Senica, Sotina, Zimný štadión/1;2025-01-01;streda;16:34;2/16;TT482JH;0d67775721cddd8539eee720faca1607;10;Senica, Autobusová stanica/1;16:44;16:41:57;5;16:44;16:42:22;0;0;6
2;Senica, Sotina, Zimný štadión/1;2025-01-01;streda;16:34;2/16;TT482JH;0d67775721cddd8539eee720faca1607;11;Senica, TESCO/2;16:47;16:45:13;;16:47;16:45:13;0;0;6
2;Senica, Sotina, Zimný štadión/1;2025-01-01;streda;16:34;2/16;TT482JH;0d67775721cddd8539eee720faca1607;12;Senica, Poliklinika/2;16:48;16:46:13;;16:48;16:46:13;0;0;6
2;Senica, Sotina, Zimný štadión/1;2025-01-01;streda;16:34;2/16;TT482JH;0d67775721cddd8539eee720faca1607;13;Senica, Sotinská/1;16:49;16:47:13;;16:49;16:47:13;0;0;6
2;Senica, Sotina, Zimný štadión/1;2025-01-01;streda;16:34;2/16;TT482JH;0d67775721cddd8539eee720faca1607;15;Senica, Sotina, Zimný štadión/1;16:50;16:48:13;;16:50;16:48:13;0;0;6
2;Senica, Žel. stanica/1;2025-01-01;streda;17:00;2/17;TT482JH;0d67775721cddd8539eee720faca1607;1;Senica, Sotina, Zimný štadión/1;17:00;16:49:31;10;17:00;17:00:30;1;0;1
2;Senica, Žel. stanica/1;2025-01-01;streda;17:00;2/17;TT482JH;0d67775721cddd8539eee720faca1607;2;Senica, Sotina, Amfiteáter/1;17:01;17:00:52;10;17:01;17:02:28;2;0;3
2;Senica, Žel. stanica/1;2025-01-01;streda;17:00;2/17;TT482JH;0d67775721cddd8539eee720faca1607;4;Senica, Poliklinika/1;17:02;17:02:31;10;17:02;17:03:19;0;0;3
2;Senica, Žel. stanica/1;2025-01-01;streda;17:00;2/17;TT482JH;0d67775721cddd8539eee720faca1607;5;Senica, TESCO/1;17:03;17:03:31;10;17:03;17:04:02;0;0;3
2;Senica, Žel. stanica/1;2025-01-01;streda;17:00;2/17;TT482JH;0d67775721cddd8539eee720faca1607;6;Senica, Autobusová stanica/1;17:08;17:04:41;5;17:08;17:05:12;4;0;7
2;Senica, Žel. stanica/1;2025-01-01;streda;17:00;2/17;TT482JH;0d67775721cddd8539eee720faca1607;7;Senica, Pošta/2;17:10;17:09:45;10;17:10;17:10:48;1;0;8
2;Senica, Žel. stanica/1;2025-01-01;streda;17:00;2/17;TT482JH;0d67775721cddd8539eee720faca1607;9;Senica, Dlhá, č. 260/1;17:11;17:10:52;10;17:11;17:11:45;0;0;8
2;Senica, Žel. stanica/1;2025-01-01;streda;17:00;2/17;TT482JH;0d67775721cddd8539eee720faca1607;10;Senica, Gymnázium/1;17:12;17:11:59;10;17:12;17:12:16;0;0;8
2;Senica, Žel. stanica/1;2025-01-01;streda;17:00;2/17;TT482JH;0d67775721cddd8539eee720faca1607;11;Senica, DEMA/2;17:13;17:12:39;10;17:13;17:13:15;0;0;8
2;Senica, Žel. stanica/1;2025-01-01;streda;17:00;2/17;TT482JH;0d67775721cddd8539eee720faca1607;12;Senica, SPP/1;17:14;17:13:17;;17:14;17:13:17;0;0;8
2;Senica, Žel. stanica/1;2025-01-01;streda;17:00;2/17;TT482JH;0d67775721cddd8539eee720faca1607;13;Senica, Technické služby/1 ;17:15;17:14:17;;17:15;17:14:17;0;0;8
2;Senica, Žel. stanica/1;2025-01-01;streda;17:00;2/17;TT482JH;0d67775721cddd8539eee720faca1607;14;Senica, Železničná, ARRIVA/1;17:16;17:15:17;;17:16;17:15:17;0;0;8
2;Senica, Žel. stanica/1;2025-01-01;streda;17:00;2/17;TT482JH;0d67775721cddd8539eee720faca1607;15;Senica, Žel. stanica/1;17:18;17:17:17;;17:18;17:17:17;0;0;8
2;Senica, Žel. stanica/1;2025-01-01;streda;18:00;2/19;TT482JH;0d67775721cddd8539eee720faca1607;1;Senica, Sotina, Zimný štadión/1;18:00;17:57:19;10;18:00;18:00:25;2;0;2
2;Senica, Žel. stanica/1;2025-01-01;streda;18:00;2/19;TT482JH;0d67775721cddd8539eee720faca1607;2;Senica, Sotina, Amfiteáter/1;18:01;18:00:45;10;18:01;18:02:15;2;0;4
2;Senica, Žel. stanica/1;2025-01-01;streda;18:00;2/19;TT482JH;0d67775721cddd8539eee720faca1607;4;Senica, Poliklinika/1;18:02;18:02:20;10;18:02;18:04:01;3;0;7
2;Senica, Žel. stanica/1;2025-01-01;streda;18:00;2/19;TT482JH;0d67775721cddd8539eee720faca1607;5;Senica, TESCO/1;18:03;18:04:10;10;18:03;18:04:33;0;0;7
2;Senica, Žel. stanica/1;2025-01-01;streda;18:00;2/19;TT482JH;0d67775721cddd8539eee720faca1607;6;Senica, Autobusová stanica/1;18:08;18:05:08;5;18:08;18:05:41;5;0;12
2;Senica, Žel. stanica/1;2025-01-01;streda;18:00;2/19;TT482JH;0d67775721cddd8539eee720faca1607;7;Senica, Pošta/2;18:10;18:08:56;10;18:10;18:10:01;1;0;13
2;Senica, Žel. stanica/1;2025-01-01;streda;18:00;2/19;TT482JH;0d67775721cddd8539eee720faca1607;9;Senica, Dlhá, č. 260/1;18:11;18:10:05;10;18:11;18:11:27;0;0;13
2;Senica, Žel. stanica/1;2025-01-01;streda;18:00;2/19;TT482JH;0d67775721cddd8539eee720faca1607;10;Senica, Gymnázium/1;18:12;18:11:37;5;18:12;18:11:58;0;0;13
2;Senica, Žel. stanica/1;2025-01-01;streda;18:00;2/19;TT482JH;0d67775721cddd8539eee720faca1607;11;Senica, DEMA/2;18:13;18:12:23;10;18:13;18:13:25;0;4;9
2;Senica, Žel. stanica/1;2025-01-01;streda;18:00;2/19;TT482JH;0d67775721cddd8539eee720faca1607;12;Senica, SPP/1;18:14;18:13:27;5;18:14;18:13:51;0;0;9
2;Senica, Žel. stanica/1;2025-01-01;streda;18:00;2/19;TT482JH;0d67775721cddd8539eee720faca1607;13;Senica, Technické služby/1 ;18:15;18:14:30;;18:15;18:14:30;0;0;9
2;Senica, Žel. stanica/1;2025-01-01;streda;18:00;2/19;TT482JH;0d67775721cddd8539eee720faca1607;14;Senica, Železničná, ARRIVA/1;18:16;18:15:30;;18:16;18:15:30;0;0;9
2;Senica, Žel. stanica/1;2025-01-01;streda;18:00;2/19;TT482JH;0d67775721cddd8539eee720faca1607;15;Senica, Žel. stanica/1;18:18;18:17:30;;18:18;18:17:30;0;0;9
2;Senica, Žel. stanica/1;2025-01-01;streda;08:00;2/27;TT088JH;699f8c813ab8547b604fc1d38f7ce16f;1;Senica, Sotina, Zimný štadión/1;08:00;08:00:04;10;08:00;08:02:09;0;0;0
2;Senica, Žel. stanica/1;2025-01-01;streda;08:00;2/27;TT088JH;699f8c813ab8547b604fc1d38f7ce16f;2;Senica, Sotina, Amfiteáter/1;08:01;08:02:35;10;08:01;08:03:51;1;0;1
2;Senica, Žel. stanica/1;2025-01-01;streda;08:00;2/27;TT088JH;699f8c813ab8547b604fc1d38f7ce16f;4;Senica, Poliklinika/1;08:02;08:03:57;10;08:02;08:04:37;0;0;1
2;Senica, Žel. stanica/1;2025-01-01;streda;08:00;2/27;TT088JH;699f8c813ab8547b604fc1d38f7ce16f;5;Senica, TESCO/1;08:03;08:04:49;10;08:03;08:05:19;0;0;1
2;Senica, Žel. stanica/1;2025-01-01;streda;08:00;2/27;TT088JH;699f8c813ab8547b604fc1d38f7ce16f;6;Senica, Autobusová stanica/1;08:08;08:06:02;5;08:08;08:06:41;0;0;1
2;Senica, Žel. stanica/1;2025-01-01;streda;08:00;2/27;TT088JH;699f8c813ab8547b604fc1d38f7ce16f;7;Senica, Pošta/2;08:10;08:11:34;10;08:10;08:12:32;1;0;2
2;Senica, Žel. stanica/1;2025-01-01;streda;08:00;2/27;TT088JH;699f8c813ab8547b604fc1d38f7ce16f;9;Senica, Dlhá, č. 260/1;08:11;08:12:37;10;08:11;08:13:10;0;0;2
2;Senica, Žel. stanica/1;2025-01-01;streda;08:00;2/27;TT088JH;699f8c813ab8547b604fc1d38f7ce16f;10;Senica, Gymnázium/1;08:12;08:13:25;10;08:12;08:13:45;0;0;2
2;Senica, Žel. stanica/1;2025-01-01;streda;08:00;2/27;TT088JH;699f8c813ab8547b604fc1d38f7ce16f;11;Senica, DEMA/2;08:13;08:14:07;10;08:13;08:15:01;0;1;1
2;Senica, Žel. stanica/1;2025-01-01;streda;08:00;2/27;TT088JH;699f8c813ab8547b604fc1d38f7ce16f;12;Senica, SPP/1;08:14;08:15:04;10;08:14;08:15:27;0;0;1
2;Senica, Žel. stanica/1;2025-01-01;streda;08:00;2/27;TT088JH;699f8c813ab8547b604fc1d38f7ce16f;13;Senica, Technické služby/1 ;08:15;08:16:15;10;08:15;08:16:31;0;0;1
2;Senica, Žel. stanica/1;2025-01-01;streda;08:00;2/27;TT088JH;699f8c813ab8547b604fc1d38f7ce16f;14;Senica, Železničná, ARRIVA/1;08:16;08:16:49;10;08:16;08:17:06;0;0;1
2;Senica, Žel. stanica/1;2025-01-01;streda;08:00;2/27;TT088JH;699f8c813ab8547b604fc1d38f7ce16f;15;Senica, Žel. stanica/1;08:18;08:17:40;10;08:18;08:17:40;0;0;0
2;Senica, Žel. stanica/1;2025-01-01;streda;09:00;2/29;TT482JH;0d67775721cddd8539eee720faca1607;1;Senica, Sotina, Zimný štadión/1;09:00;08:59:03;5;09:00;08:59:30;0;0;0
2;Senica, Žel. stanica/1;2025-01-01;streda;09:00;2/29;TT482JH;0d67775721cddd8539eee720faca1607;2;Senica, Sotina, Amfiteáter/1;09:01;09:00:54;10;09:01;09:03:06;4;0;4
2;Senica, Žel. stanica/1;2025-01-01;streda;09:00;2/29;TT482JH;0d67775721cddd8539eee720faca1607;4;Senica, Poliklinika/1;09:02;09:03:08;10;09:02;09:03:25;2;0;6
2;Senica, Žel. stanica/1;2025-01-01;streda;09:00;2/29;TT482JH;0d67775721cddd8539eee720faca1607;5;Senica, TESCO/1;09:03;09:04:32;10;09:03;09:04:59;0;0;6
2;Senica, Žel. stanica/1;2025-01-01;streda;09:00;2/29;TT482JH;0d67775721cddd8539eee720faca1607;6;Senica, Autobusová stanica/1;09:08;09:05:45;5;09:08;09:06:28;1;0;7
2;Senica, Žel. stanica/1;2025-01-01;streda;09:00;2/29;TT482JH;0d67775721cddd8539eee720faca1607;7;Senica, Pošta/2;09:10;09:09:08;5;09:10;09:09:33;0;0;7
2;Senica, Žel. stanica/1;2025-01-01;streda;09:00;2/29;TT482JH;0d67775721cddd8539eee720faca1607;9;Senica, Dlhá, č. 260/1;09:11;09:09:40;5;09:11;09:10:38;0;0;7
2;Senica, Žel. stanica/1;2025-01-01;streda;09:00;2/29;TT482JH;0d67775721cddd8539eee720faca1607;10;Senica, Gymnázium/1;09:12;09:11:43;10;09:12;09:12:10;0;0;7
2;Senica, Žel. stanica/1;2025-01-01;streda;09:00;2/29;TT482JH;0d67775721cddd8539eee720faca1607;11;Senica, DEMA/2;09:13;09:12:42;10;09:13;09:14:02;0;0;7
2;Senica, Žel. stanica/1;2025-01-01;streda;09:00;2/29;TT482JH;0d67775721cddd8539eee720faca1607;12;Senica, SPP/1;09:14;09:14:04;10;09:14;09:14:08;0;0;7
2;Senica, Žel. stanica/1;2025-01-01;streda;09:00;2/29;TT482JH;0d67775721cddd8539eee720faca1607;13;Senica, Technické služby/1 ;09:15;09:15:08;;09:15;09:15:08;0;0;7
2;Senica, Žel. stanica/1;2025-01-01;streda;09:00;2/29;TT482JH;0d67775721cddd8539eee720faca1607;14;Senica, Železničná, ARRIVA/1;09:16;09:16:08;;09:16;09:16:08;0;0;7
2;Senica, Žel. stanica/1;2025-01-01;streda;09:00;2/29;TT482JH;0d67775721cddd8539eee720faca1607;15;Senica, Žel. stanica/1;09:18;09:18:08;;09:18;09:18:08;0;0;7
2;Senica, Autobusová stanica/1;2025-01-01;streda;08:34;2/30;TT088JH;699f8c813ab8547b604fc1d38f7ce16f;2;Senica, Žel. stanica/1;08:34;08:28:04;10;08:34;08:34:58;1;0;1
2;Senica, Autobusová stanica/1;2025-01-01;streda;08:34;2/30;TT088JH;699f8c813ab8547b604fc1d38f7ce16f;3;Senica, Železničná, ARRIVA/2;08:35;08:35:42;10;08:35;08:36:01;0;0;1
2;Senica, Autobusová stanica/1;2025-01-01;streda;08:34;2/30;TT088JH;699f8c813ab8547b604fc1d38f7ce16f;4;Senica, Technické služby/2 ;08:36;08:36:21;10;08:36;08:36:39;0;0;1
2;Senica, Autobusová stanica/1;2025-01-01;streda;08:34;2/30;TT088JH;699f8c813ab8547b604fc1d38f7ce16f;6;Senica, DEMA/1;08:38;08:37:45;10;08:38;08:38:40;0;1;0
2;Senica, Autobusová stanica/1;2025-01-01;streda;08:34;2/30;TT088JH;699f8c813ab8547b604fc1d38f7ce16f;7;Senica, Gymnázium/2;08:39;08:39:09;10;08:39;08:39:28;0;0;0
2;Senica, Autobusová stanica/1;2025-01-01;streda;08:34;2/30;TT088JH;699f8c813ab8547b604fc1d38f7ce16f;9;Senica, Vajanského, cintorín/1;08:40;08:39:50;10;08:40;08:40:41;0;0;0
2;Senica, Autobusová stanica/1;2025-01-01;streda;08:34;2/30;TT088JH;699f8c813ab8547b604fc1d38f7ce16f;10;Senica, Autobusová stanica/1;08:44;08:41:35;10;08:44;08:41:35;0;0;0
2;Senica, Žel. stanica/1;2025-01-01;streda;13:00;2/33;TT482JH;0d67775721cddd8539eee720faca1607;1;Senica, Sotina, Zimný štadión/1;13:00;12:57:21;5;13:00;12:57:33;0;0;0
2;Senica, Žel. stanica/1;2025-01-01;streda;13:00;2/33;TT482JH;0d67775721cddd8539eee720faca1607;2;Senica, Sotina, Amfiteáter/1;13:01;13:01:02;10;13:01;13:02:20;2;0;2
2;Senica, Žel. stanica/1;2025-01-01;streda;13:00;2/33;TT482JH;0d67775721cddd8539eee720faca1607;4;Senica, Poliklinika/1;13:02;13:02:25;10;13:02;13:03:13;0;0;2
2;Senica, Žel. stanica/1;2025-01-01;streda;13:00;2/33;TT482JH;0d67775721cddd8539eee720faca1607;5;Senica, TESCO/1;13:03;13:03:24;10;13:03;13:03:49;0;0;2
2;Senica, Žel. stanica/1;2025-01-01;streda;13:00;2/33;TT482JH;0d67775721cddd8539eee720faca1607;6;Senica, Autobusová stanica/1;13:08;13:04:27;5;13:08;13:04:59;1;0;3
2;Senica, Žel. stanica/1;2025-01-01;streda;13:00;2/33;TT482JH;0d67775721cddd8539eee720faca1607;7;Senica, Pošta/2;13:10;13:09:23;5;13:10;13:09:40;0;0;3
2;Senica, Žel. stanica/1;2025-01-01;streda;13:00;2/33;TT482JH;0d67775721cddd8539eee720faca1607;9;Senica, Dlhá, č. 260/1;13:11;13:09:43;10;13:11;13:11:17;0;0;3
2;Senica, Žel. stanica/1;2025-01-01;streda;13:00;2/33;TT482JH;0d67775721cddd8539eee720faca1607;10;Senica, Gymnázium/1;13:12;13:11:32;10;13:12;13:12:11;0;0;3
2;Senica, Žel. stanica/1;2025-01-01;streda;13:00;2/33;TT482JH;0d67775721cddd8539eee720faca1607;11;Senica, DEMA/2;13:13;13:12:31;10;13:13;13:13:23;0;0;3
2;Senica, Žel. stanica/1;2025-01-01;streda;13:00;2/33;TT482JH;0d67775721cddd8539eee720faca1607;12;Senica, SPP/1;13:14;13:13:25;;13:14;13:13:25;0;0;3
2;Senica, Žel. stanica/1;2025-01-01;streda;13:00;2/33;TT482JH;0d67775721cddd8539eee720faca1607;13;Senica, Technické služby/1 ;13:15;13:14:25;;13:15;13:14:25;0;0;3
2;Senica, Žel. stanica/1;2025-01-01;streda;13:00;2/33;TT482JH;0d67775721cddd8539eee720faca1607;14;Senica, Železničná, ARRIVA/1;13:16;13:15:25;;13:16;13:15:25;0;0;3
2;Senica, Žel. stanica/1;2025-01-01;streda;13:00;2/33;TT482JH;0d67775721cddd8539eee720faca1607;15;Senica, Žel. stanica/1;13:18;13:17:25;;13:18;13:17:25;0;0;3
2;Senica, Sotina, Zimný štadión/1;2025-01-01;streda;11:34;2/34;TT482JH;0d67775721cddd8539eee720faca1607;2;Senica, Žel. stanica/1;11:34;11:33:56;10;11:34;11:35:54;7;0;7
2;Senica, Sotina, Zimný štadión/1;2025-01-01;streda;11:34;2/34;TT482JH;0d67775721cddd8539eee720faca1607;3;Senica, Železničná, ARRIVA/2;11:35;11:36:30;10;11:35;11:36:44;0;0;7
2;Senica, Sotina, Zimný štadión/1;2025-01-01;streda;11:34;2/34;TT482JH;0d67775721cddd8539eee720faca1607;4;Senica, Technické služby/2 ;11:36;11:37;10;11:36;11:37:14;0;0;7
2;Senica, Sotina, Zimný štadión/1;2025-01-01;streda;11:34;2/34;TT482JH;0d67775721cddd8539eee720faca1607;6;Senica, DEMA/1;11:38;11:38:12;10;11:38;11:39:15;3;0;10
2;Senica, Sotina, Zimný štadión/1;2025-01-01;streda;11:34;2/34;TT482JH;0d67775721cddd8539eee720faca1607;7;Senica, Gymnázium/2;11:39;11:39:40;10;11:39;11:39:58;0;0;10
2;Senica, Sotina, Zimný štadión/1;2025-01-01;streda;11:34;2/34;TT482JH;0d67775721cddd8539eee720faca1607;9;Senica, Vajanského, cintorín/1;11:40;11:40:21;10;11:40;11:41:31;0;4;6
2;Senica, Sotina, Zimný štadión/1;2025-01-01;streda;11:34;2/34;TT482JH;0d67775721cddd8539eee720faca1607;10;Senica, Autobusová stanica/1;11:44;11:42:08;5;11:44;11:42:35;0;4;2
2;Senica, Sotina, Zimný štadión/1;2025-01-01;streda;11:34;2/34;TT482JH;0d67775721cddd8539eee720faca1607;11;Senica, TESCO/2;11:47;11:45:35;;11:47;11:45:35;0;0;2
2;Senica, Sotina, Zimný štadión/1;2025-01-01;streda;11:34;2/34;TT482JH;0d67775721cddd8539eee720faca1607;12;Senica, Poliklinika/2;11:48;11:46:35;;11:48;11:46:35;0;0;2
2;Senica, Sotina, Zimný štadión/1;2025-01-01;streda;11:34;2/34;TT482JH;0d67775721cddd8539eee720faca1607;13;Senica, Sotinská/1;11:49;11:47:35;;11:49;11:47:35;0;0;2
2;Senica, Sotina, Zimný štadión/1;2025-01-01;streda;11:34;2/34;TT482JH;0d67775721cddd8539eee720faca1607;15;Senica, Sotina, Zimný štadión/1;11:50;11:48:35;;11:50;11:48:35;0;0;2
2;Senica, Autobusová stanica/1;2025-01-01;streda;13:34;2/36;TT482JH;0d67775721cddd8539eee720faca1607;2;Senica, Žel. stanica/1;13:34;13:32:14;10;13:34;13:34:18;14;0;14
2;Senica, Autobusová stanica/1;2025-01-01;streda;13:34;2/36;TT482JH;0d67775721cddd8539eee720faca1607;3;Senica, Železničná, ARRIVA/2;13:35;13:34:52;10;13:35;13:35:08;0;0;14
2;Senica, Autobusová stanica/1;2025-01-01;streda;13:34;2/36;TT482JH;0d67775721cddd8539eee720faca1607;4;Senica, Technické služby/2 ;13:36;13:35:25;5;13:36;13:35:39;0;0;14
2;Senica, Autobusová stanica/1;2025-01-01;streda;13:34;2/36;TT482JH;0d67775721cddd8539eee720faca1607;6;Senica, DEMA/1;13:38;13:36:35;10;13:38;13:38:11;0;0;14
2;Senica, Autobusová stanica/1;2025-01-01;streda;13:34;2/36;TT482JH;0d67775721cddd8539eee720faca1607;7;Senica, Gymnázium/2;13:39;13:38:36;5;13:39;13:38:53;0;0;14
2;Senica, Autobusová stanica/1;2025-01-01;streda;13:34;2/36;TT482JH;0d67775721cddd8539eee720faca1607;9;Senica, Vajanského, cintorín/1;13:40;13:39:13;10;13:40;13:40:21;1;0;15
2;Senica, Autobusová stanica/1;2025-01-01;streda;13:34;2/36;TT482JH;0d67775721cddd8539eee720faca1607;10;Senica, Autobusová stanica/1;13:44;13:40:56;10;13:44;13:40:56;0;0;0
2;Senica, Žel. stanica/1;2025-01-01;streda;15:08;2/37;TT088JH;699f8c813ab8547b604fc1d38f7ce16f;6;Senica, Autobusová stanica/1;15:08;15:08:28;10;15:08;15:09:47;2;0;2
2;Senica, Žel. stanica/1;2025-01-01;streda;15:08;2/37;TT088JH;699f8c813ab8547b604fc1d38f7ce16f;7;Senica, Pošta/2;15:10;15:10:09;10;15:10;15:10:26;0;0;2
2;Senica, Žel. stanica/1;2025-01-01;streda;15:08;2/37;TT088JH;699f8c813ab8547b604fc1d38f7ce16f;9;Senica, Dlhá, č. 260/1;15:11;15:10:31;10;15:11;15:11:37;0;0;2
2;Senica, Žel. stanica/1;2025-01-01;streda;15:08;2/37;TT088JH;699f8c813ab8547b604fc1d38f7ce16f;10;Senica, Gymnázium/1;15:12;15:11:57;10;15:12;15:12:21;0;0;2
2;Senica, Žel. stanica/1;2025-01-01;streda;15:08;2/37;TT088JH;699f8c813ab8547b604fc1d38f7ce16f;11;Senica, DEMA/2;15:13;15:12:46;10;15:13;15:13:11;0;0;2
2;Senica, Žel. stanica/1;2025-01-01;streda;15:08;2/37;TT088JH;699f8c813ab8547b604fc1d38f7ce16f;12;Senica, SPP/1;15:14;15:13:15;10;15:14;15:14:25;0;0;2
2;Senica, Žel. stanica/1;2025-01-01;streda;15:08;2/37;TT088JH;699f8c813ab8547b604fc1d38f7ce16f;13;Senica, Technické služby/1 ;15:15;15:15:13;10;15:15;15:15:29;0;0;2
2;Senica, Žel. stanica/1;2025-01-01;streda;15:08;2/37;TT088JH;699f8c813ab8547b604fc1d38f7ce16f;14;Senica, Železničná, ARRIVA/1;15:16;15:15:47;10;15:16;15:16:03;0;0;2
2;Senica, Žel. stanica/1;2025-01-01;streda;15:08;2/37;TT088JH;699f8c813ab8547b604fc1d38f7ce16f;15;Senica, Žel. stanica/1;15:18;15:16:36;10;15:18;15:16:36;0;0;0
2;Senica, Žel. stanica/1;2025-01-01;streda;11:08;2/39;TT482JH;0d67775721cddd8539eee720faca1607;6;Senica, Autobusová stanica/1;11:08;11:06:40;10;11:08;11:09:25;0;0;0
2;Senica, Žel. stanica/1;2025-01-01;streda;11:08;2/39;TT482JH;0d67775721cddd8539eee720faca1607;7;Senica, Pošta/2;11:10;11:09:52;10;11:10;11:10:12;0;0;0
2;Senica, Žel. stanica/1;2025-01-01;streda;11:08;2/39;TT482JH;0d67775721cddd8539eee720faca1607;9;Senica, Dlhá, č. 260/1;11:11;11:10:16;10;11:11;11:11:25;2;0;2
2;Senica, Žel. stanica/1;2025-01-01;streda;11:08;2/39;TT482JH;0d67775721cddd8539eee720faca1607;10;Senica, Gymnázium/1;11:12;11:11:41;10;11:12;11:12:03;0;0;2
2;Senica, Žel. stanica/1;2025-01-01;streda;11:08;2/39;TT482JH;0d67775721cddd8539eee720faca1607;11;Senica, DEMA/2;11:13;11:12:28;5;11:13;11:12:52;0;0;2
2;Senica, Žel. stanica/1;2025-01-01;streda;11:08;2/39;TT482JH;0d67775721cddd8539eee720faca1607;12;Senica, SPP/1;11:14;11:12:55;5;11:14;11:13:19;0;0;2
2;Senica, Žel. stanica/1;2025-01-01;streda;11:08;2/39;TT482JH;0d67775721cddd8539eee720faca1607;13;Senica, Technické služby/1 ;11:15;11:14:19;;11:15;11:14:19;0;0;2
2;Senica, Žel. stanica/1;2025-01-01;streda;11:08;2/39;TT482JH;0d67775721cddd8539eee720faca1607;14;Senica, Železničná, ARRIVA/1;11:16;11:15:19;;11:16;11:15:19;0;0;2
2;Senica, Žel. stanica/1;2025-01-01;streda;11:08;2/39;TT482JH;0d67775721cddd8539eee720faca1607;15;Senica, Žel. stanica/1;11:18;11:17:19;;11:18;11:17:19;0;0;2
2;Senica, Autobusová stanica/1;2025-01-01;streda;10:34;2/40;TT088JH;699f8c813ab8547b604fc1d38f7ce16f;2;Senica, Žel. stanica/1;10:34;10:28:05;10;10:34;10:34:40;3;0;3
2;Senica, Autobusová stanica/1;2025-01-01;streda;10:34;2/40;TT088JH;699f8c813ab8547b604fc1d38f7ce16f;3;Senica, Železničná, ARRIVA/2;10:35;10:35:29;10;10:35;10:35:48;0;0;3
2;Senica, Autobusová stanica/1;2025-01-01;streda;10:34;2/40;TT088JH;699f8c813ab8547b604fc1d38f7ce16f;4;Senica, Technické služby/2 ;10:36;10:36:08;10;10:36;10:37:09;1;0;4
2;Senica, Autobusová stanica/1;2025-01-01;streda;10:34;2/40;TT088JH;699f8c813ab8547b604fc1d38f7ce16f;6;Senica, DEMA/1;10:38;10:38:27;10;10:38;10:38:52;0;0;4
2;Senica, Autobusová stanica/1;2025-01-01;streda;10:34;2/40;TT088JH;699f8c813ab8547b604fc1d38f7ce16f;7;Senica, Gymnázium/2;10:39;10:39:23;10;10:39;10:40:14;0;1;3
2;Senica, Autobusová stanica/1;2025-01-01;streda;10:34;2/40;TT088JH;699f8c813ab8547b604fc1d38f7ce16f;9;Senica, Vajanského, cintorín/1;10:40;10:40:41;10;10:40;10:41:55;0;1;2
2;Senica, Autobusová stanica/1;2025-01-01;streda;10:34;2/40;TT088JH;699f8c813ab8547b604fc1d38f7ce16f;10;Senica, Autobusová stanica/1;10:44;10:43:25;10;10:44;10:43:25;0;0;0
2;Senica, Autobusová stanica/1;2025-01-01;streda;14:34;2/42;TT088JH;699f8c813ab8547b604fc1d38f7ce16f;2;Senica, Žel. stanica/1;14:34;14:27:27;10;14:34;14:34:43;4;0;4
2;Senica, Autobusová stanica/1;2025-01-01;streda;14:34;2/42;TT088JH;699f8c813ab8547b604fc1d38f7ce16f;3;Senica, Železničná, ARRIVA/2;14:35;14:35:31;10;14:35;14:35:49;0;0;4
2;Senica, Autobusová stanica/1;2025-01-01;streda;14:34;2/42;TT088JH;699f8c813ab8547b604fc1d38f7ce16f;4;Senica, Technické služby/2 ;14:36;14:36:09;10;14:36;14:36:25;0;0;4
2;Senica, Autobusová stanica/1;2025-01-01;streda;14:34;2/42;TT088JH;699f8c813ab8547b604fc1d38f7ce16f;6;Senica, DEMA/1;14:38;14:37:38;10;14:38;14:38:37;1;0;5
2;Senica, Autobusová stanica/1;2025-01-01;streda;14:34;2/42;TT088JH;699f8c813ab8547b604fc1d38f7ce16f;7;Senica, Gymnázium/2;14:39;14:39:06;10;14:39;14:39:28;0;0;5
2;Senica, Autobusová stanica/1;2025-01-01;streda;14:34;2/42;TT088JH;699f8c813ab8547b604fc1d38f7ce16f;9;Senica, Vajanského, cintorín/1;14:40;14:39:53;10;14:40;14:41:02;0;1;4
2;Senica, Autobusová stanica/1;2025-01-01;streda;14:34;2/42;TT088JH;699f8c813ab8547b604fc1d38f7ce16f;10;Senica, Autobusová stanica/1;14:44;14:42:18;10;14:44;14:42:18;0;0;0
2;Senica, Autobusová stanica/1;2025-01-01;streda;15:34;2/44;TT088JH;699f8c813ab8547b604fc1d38f7ce16f;2;Senica, Žel. stanica/1;15:34;15:27;10;15:34;15:34:40;10;0;10
2;Senica, Autobusová stanica/1;2025-01-01;streda;15:34;2/44;TT088JH;699f8c813ab8547b604fc1d38f7ce16f;3;Senica, Železničná, ARRIVA/2;15:35;15:35:25;10;15:35;15:35:42;0;0;10
2;Senica, Autobusová stanica/1;2025-01-01;streda;15:34;2/44;TT088JH;699f8c813ab8547b604fc1d38f7ce16f;4;Senica, Technické služby/2 ;15:36;15:36;10;15:36;15:36:16;0;0;10
2;Senica, Autobusová stanica/1;2025-01-01;streda;15:34;2/44;TT088JH;699f8c813ab8547b604fc1d38f7ce16f;6;Senica, DEMA/1;15:38;15:37:26;10;15:38;15:38:35;2;4;8
2;Senica, Autobusová stanica/1;2025-01-01;streda;15:34;2/44;TT088JH;699f8c813ab8547b604fc1d38f7ce16f;7;Senica, Gymnázium/2;15:39;15:39:02;10;15:39;15:39:22;0;0;8
2;Senica, Autobusová stanica/1;2025-01-01;streda;15:34;2/44;TT088JH;699f8c813ab8547b604fc1d38f7ce16f;9;Senica, Vajanského, cintorín/1;15:40;15:39:44;10;15:40;15:41:01;0;2;6
2;Senica, Autobusová stanica/1;2025-01-01;streda;15:34;2/44;TT088JH;699f8c813ab8547b604fc1d38f7ce16f;10;Senica, Autobusová stanica/1;15:44;15:41:47;10;15:44;15:41:47;0;0;0
2;Senica, Autobusová stanica/1;2025-01-01;streda;17:34;2/46;TT482JH;0d67775721cddd8539eee720faca1607;2;Senica, Žel. stanica/1;17:34;17:31:54;10;17:34;17:36:03;24;0;24
2;Senica, Autobusová stanica/1;2025-01-01;streda;17:34;2/46;TT482JH;0d67775721cddd8539eee720faca1607;3;Senica, Železničná, ARRIVA/2;17:35;17:36:39;10;17:35;17:36:55;0;0;24
2;Senica, Autobusová stanica/1;2025-01-01;streda;17:34;2/46;TT482JH;0d67775721cddd8539eee720faca1607;4;Senica, Technické služby/2 ;17:36;17:37:12;10;17:36;17:37:28;0;0;24
2;Senica, Autobusová stanica/1;2025-01-01;streda;17:34;2/46;TT482JH;0d67775721cddd8539eee720faca1607;6;Senica, DEMA/1;17:38;17:38:28;10;17:38;17:39:16;0;4;20
2;Senica, Autobusová stanica/1;2025-01-01;streda;17:34;2/46;TT482JH;0d67775721cddd8539eee720faca1607;7;Senica, Gymnázium/2;17:39;17:39:38;10;17:39;17:39:54;0;0;20
2;Senica, Autobusová stanica/1;2025-01-01;streda;17:34;2/46;TT482JH;0d67775721cddd8539eee720faca1607;9;Senica, Vajanského, cintorín/1;17:40;17:40:13;10;17:40;17:41:17;0;5;15
2;Senica, Autobusová stanica/1;2025-01-01;streda;17:34;2/46;TT482JH;0d67775721cddd8539eee720faca1607;10;Senica, Autobusová stanica/1;17:44;17:41:55;10;17:44;17:41:55;0;0;0
2;Senica, Autobusová stanica/1;2025-01-01;streda;09:34;2/48;TT482JH;0d67775721cddd8539eee720faca1607;2;Senica, Žel. stanica/1;09:34;09:33:23;10;09:34;09:34:22;4;0;4
2;Senica, Autobusová stanica/1;2025-01-01;streda;09:34;2/48;TT482JH;0d67775721cddd8539eee720faca1607;3;Senica, Železničná, ARRIVA/2;09:35;09:34:59;10;09:35;09:35:15;0;0;4
2;Senica, Autobusová stanica/1;2025-01-01;streda;09:34;2/48;TT482JH;0d67775721cddd8539eee720faca1607;4;Senica, Technické služby/2 ;09:36;09:35:31;5;09:36;09:35:46;0;0;4
2;Senica, Autobusová stanica/1;2025-01-01;streda;09:34;2/48;TT482JH;0d67775721cddd8539eee720faca1607;6;Senica, DEMA/1;09:38;09:36:57;10;09:38;09:38:31;4;2;6
2;Senica, Autobusová stanica/1;2025-01-01;streda;09:34;2/48;TT482JH;0d67775721cddd8539eee720faca1607;7;Senica, Gymnázium/2;09:39;09:39:05;10;09:39;09:39:27;0;0;6
2;Senica, Autobusová stanica/1;2025-01-01;streda;09:34;2/48;TT482JH;0d67775721cddd8539eee720faca1607;9;Senica, Vajanského, cintorín/1;09:40;09:39:51;10;09:40;09:41:06;0;5;1
2;Senica, Autobusová stanica/1;2025-01-01;streda;09:34;2/48;TT482JH;0d67775721cddd8539eee720faca1607;10;Senica, Autobusová stanica/1;09:44;09:41:46;10;09:44;09:41:46;0;0;0
